{"/Users/james/code/fluents/chain/packages/bench-chain/example/math/sync-first-faster.json":{"zoomzoom":[{"msg":"zoomzoom x 10.03 ops/sec ±0.18% (29 runs sampled)","name":"zoomzoom","num":10.03,"sampled":"29","variation":"0.18","suite":["/Users/james/code/fluents/chain/packages/bench-chain/example/math/sync-first-faster.json"],"now":1494398090943,"mem":{"start":{"process":{"rss":53407744,"heapTotal":31719424,"heapUsed":24997208,"external":1893643},"os":211357696},"end":{"process":{"rss":63188992,"heapTotal":39079936,"heapUsed":22984568,"external":17476},"os":287350784}},"stats":{"moe":0.0001756264341796521,"rme":0.17623166464090306,"sem":0.00008575509481428325,"deviation":0.00046180531862636073,"mean":0.09965657110344829,"sample":[0.09917288,0.099718128,0.099461828,0.099784339,0.099788851,0.099922661,0.099870881,0.099530785,0.099529751,0.099289762,0.099316205,0.099404772,0.099486586,0.099422594,0.099363384,0.099639294,0.09970661,0.10176276,0.099904979,0.099580911,0.09998626,0.099473089,0.099432233,0.099477917,0.099328752,0.099590258,0.099565374,0.100043266,0.099485452],"variance":2.1326415231159453e-7},"count":1,"hz":10.034461239509758,"time":99.65657110344829,"cycles":1,"battery":{"amperage":-2291,"currentCapacity":3584,"percent":47,"charging":"","temp":3105}},{"msg":"zoomzoom x 10.03 ops/sec ±0.18% (29 runs sampled)","name":"zoomzoom","num":10.03,"sampled":"29","variation":"0.18","suite":["/Users/james/code/fluents/chain/packages/bench-chain/example/math/sync-first-faster.json"],"now":1494398090944,"mem":{"start":{"process":{"rss":53407744,"heapTotal":31719424,"heapUsed":24997208,"external":1893643},"os":211357696},"end":{"process":{"rss":63209472,"heapTotal":39079936,"heapUsed":23012752,"external":17476},"os":287350784}},"stats":{"moe":0.0001756264341796521,"rme":0.17623166464090306,"sem":0.00008575509481428325,"deviation":0.00046180531862636073,"mean":0.09965657110344829,"sample":[0.09917288,0.099718128,0.099461828,0.099784339,0.099788851,0.099922661,0.099870881,0.099530785,0.099529751,0.099289762,0.099316205,0.099404772,0.099486586,0.099422594,0.099363384,0.099639294,0.09970661,0.10176276,0.099904979,0.099580911,0.09998626,0.099473089,0.099432233,0.099477917,0.099328752,0.099590258,0.099565374,0.100043266,0.099485452],"variance":2.1326415231159453e-7},"count":1,"hz":10.034461239509758,"time":99.65657110344829,"cycles":1,"battery":{"amperage":-2291,"currentCapacity":3584,"percent":47,"charging":"","temp":3105}}],"snail":[{"msg":"snail x 2.00 ops/sec ±0.02% (9 runs sampled)","name":"snail","num":2,"sampled":"9","variation":"0.02","suite":["/Users/james/code/fluents/chain/packages/bench-chain/example/math/sync-first-faster.json"],"now":1494398099985,"mem":{"start":{"process":{"rss":53407744,"heapTotal":31719424,"heapUsed":24997208,"external":1893643},"os":211357696},"end":{"process":{"rss":65032192,"heapTotal":40652800,"heapUsed":29569136,"external":17476},"os":275374080}},"stats":{"moe":0.0000933408466204728,"rme":0.018692234687334896,"sem":0.00004047738361685724,"deviation":0.00012143215085057171,"mean":0.4993562737777778,"sample":[0.499362578,0.499280663,0.49940961,0.499284253,0.499116236,0.499528611,0.499482813,0.499385381,0.499356319],"variance":1.4745767260196003e-8},"count":1,"hz":2.002578224229976,"time":499.3562737777778,"cycles":1,"battery":{"amperage":-2291,"currentCapacity":3584,"percent":47,"charging":"","temp":3105}},{"msg":"snail x 2.00 ops/sec ±0.02% (9 runs sampled)","name":"snail","num":2,"sampled":"9","variation":"0.02","suite":["/Users/james/code/fluents/chain/packages/bench-chain/example/math/sync-first-faster.json"],"now":1494398099985,"mem":{"start":{"process":{"rss":53407744,"heapTotal":31719424,"heapUsed":24997208,"external":1893643},"os":211357696},"end":{"process":{"rss":65032192,"heapTotal":40652800,"heapUsed":29573328,"external":17476},"os":275374080}},"stats":{"moe":0.0000933408466204728,"rme":0.018692234687334896,"sem":0.00004047738361685724,"deviation":0.00012143215085057171,"mean":0.4993562737777778,"sample":[0.499362578,0.499280663,0.49940961,0.499284253,0.499116236,0.499528611,0.499482813,0.499385381,0.499356319],"variance":1.4745767260196003e-8},"count":1,"hz":2.002578224229976,"time":499.3562737777778,"cycles":1,"battery":{"amperage":-2291,"currentCapacity":3584,"percent":47,"charging":"","temp":3105}}]}}